{"stick_model": {"vertices": [[-0.19564222676731438, -0.19474943591196833, -0.2728844947569979], [0.16551223192704645, 0.7082223713802953, -0.2728844947569979], [0.6938069380095945, -0.21233097764212544, -0.2728844947569979], [0.24106351693740952, 0.19965534935924661, 0.6936554522746425]], "edges": [[0, 1], [1, 2], [0, 2], [2, 3], [1, 3], [0, 3]], "radius": 0.01, "file_name": "one_tet.json"}, "mt_config": {"length_deviation_ratio": 0.2, "clamp_collision_dist": 0.024000000208616257, "max_tangent": null, "clamp_gap": 0.016, "collision_inds": [], "shape_deviation": 0.2, "bar_collision_distance": 0.07000000029802322, "contact_inds": [0, 1, 0, 4, 1, 4, 0, 5, 0, 2, 5, 2, 3, 1, 3, 2, 1, 2, 3, 5, 3, 4, 5, 4], "opt_weights": [1.0, 10.0, 0.0], "clamp_t_bnd": 0.10000000149011612, "pos_devi": 0.05000000074505806, "orient_devi": 0.05745329335331917, "time_out": 300, "contactopt_trust_region_start": 0.10000000149011612, "bar_available_lengths": [1.0, 2.0]}}