{"line": [[[-0.09999999999999998, 0.0, 0.0], [1.1, 0.0, 0.0]], [[0.9695902406666943, -0.0981954322541646, 0.04452755583545376], [0.9774292825804374, 1.0974161939166567, -0.05770447821962654]], [[1.099749058097745, 0.9603033519995365, -0.003960110714460119], [-0.09575067134773496, 1.0422420927325797, -0.06772875240351994]], [[0.010500826176910338, 1.1022796690733574, -0.023399086128293223], [-0.07406584797522431, -0.09366832924633972, -0.07396451837163787]], [[-0.13003892869488642, -0.03175542174874468, 0.9667795991796087], [1.0666578465977201, -0.05858151645091225, 0.8819433531092669]], [[0.9931850749779125, -0.12657977485220984, 0.9684541880189355], [0.9884728386931825, 1.069081869018952, 0.8666159427251992]], [[1.1007681461740817, 0.9568327876895433, 0.9882750404257932], [-0.09542635151267165, 1.0099885305648537, 0.908945407227918]], [[-0.01617267882472917, 1.105167446570277, 0.9711255247574146], [-0.061779823552284174, -0.09028440747051292, 0.87723807607423]], [[-0.032100749582493204, -0.040223276409784514, -0.10207840258569778], [-0.10771380679912479, 0.008931435563119705, 1.094527831674017]], [[1.021427974905307, -0.029566832035209156, -0.10286355711159922], [0.94936734727795, -0.10516508404368563, 1.092582874243321]], [[1.0121570423478548, 1.009739478708473, -0.10131287455235982], [1.0278569120207786, 0.9151842391906708, 1.0948530089153072]], [[-0.030978190646685277, 1.000123782281016, -0.1013980411963763], [-0.05731730507147281, 1.0522515804058716, 1.0971798426784982]]], "adj": [[0, 8], [3, 8], [0, 1], [0, 9], [1, 2], [1, 10], [2, 10], [2, 3], [2, 11], [3, 11], [4, 8], [7, 8], [4, 9], [5, 9], [5, 10], [6, 10], [6, 11], [7, 11]], "coupler_contact_pts": [[[-0.03864440870634689, 0.0, 0.0], [-0.03864440870634689, -0.03596935927798062, 0.0014775650038735266]], [[-0.07000487547733891, -0.03623776361548259, -0.07153631799905957], [-0.0341805708616173, -0.038871221358795505, -0.06916441655791772]], [[0.9702541691251215, 0.0, 0.0], [0.9702541691251214, 0.003067016980809689, 0.03586900323184128]], [[1.0153643925092364, 0.0, 0.0], [1.0153643925092366, -0.03592808984193785, -0.0022720388959425186]], [[0.9765662613869381, 0.96578809651225, -0.04644947881856676], [0.9748659089813083, 0.968862758350991, -0.010621449561187712]], [[0.9768298568935583, 1.0059917152438604, -0.0498871316728392], [1.0128255238020012, 1.0057134310197426, -0.050381578570959706]], [[1.0111040382366885, 0.9663790215465633, -0.008688486948941865], [1.0134095164462686, 1.0021962321190052, -0.0058874463379192665]], [[0.007667139965770231, 1.035153906077509, -0.062212386994573654], [0.005656966376621886, 1.0337774548101524, -0.026295402756367325]], [[-0.029289659966061254, 1.0376869000827371, -0.06418368391316043], [-0.03182905221261478, 1.0018077242399466, -0.06267905320327483]], [[0.0033189960752639247, 1.000713710373309, -0.027693358630185738], [-0.03257807595118756, 1.0032901187352716, -0.028594259270124378]], [[-0.10012150874696657, -0.03242607412897791, 0.9646586929877533], [-0.09941689029622558, 0.0035377567994795966, 0.9632258796307682]], [[-0.05838714531405609, -0.0013557206544079214, 0.8842222866818662], [-0.09427734930271336, 0.000196632045255829, 0.8818906311901419]], [[0.9627310047651378, -0.05625181074880037, 0.889310936367663], [0.9617608476612072, -0.09216315780338546, 0.8869814759072335]], [[0.9930672690283977, -0.09668822299793134, 0.9659082309703422], [0.9571350140371757, -0.09701608439552156, 0.9637215277214733]], [[0.9890121512843462, 0.9322391174360607, 0.8782712682713534], [1.025008146956167, 0.932341430213655, 0.8778069027186483]], [[1.027764401581348, 0.9600768824283257, 0.9834335532831817], [1.0263575478795308, 0.9242144246924386, 0.9806171413559494]], [[-0.05490401929992483, 1.0081878245124734, 0.9116327810262227], [-0.053206334230791574, 1.044115549155006, 0.91010754209052]], [[-0.018464737768366102, 1.0450881293907013, 0.9664070630397371], [-0.054424792570380576, 1.0465270026809401, 0.9655542512965002]]], "radius": 0.01, "half_couplers": [{"pose": [[0.0, 0.9991573473629459, -0.041043820614573845, 0.0], [-0.0, 0.041043820614573845, 0.9991573473629459, 0.0], [1.0, 0.0, 0.0, 0.0], [-0.03864440870634689, 0.0, 0.0, 1.0]], "at_element": 0, "to_element": 8}, {"pose": [[0.0, -0.9991573473629459, 0.041043820614573845, 0.0], [0.9980128400345643, 0.002586207297099112, 0.06295778472881021, 0.0], [-0.06301088101385964, 0.04096225997742017, 0.9971718618830955, 0.0], [-0.03864440870634689, -0.03596935927798062, 0.0014775650038735266, 1.0]], "at_element": 8, "to_element": 0}, {"pose": [[-0.9951419108768939, 0.07315324607149197, -0.06588763014017315, 0.0], [0.06874767073981448, 0.037289902598531426, -0.9969369192341322, 0.0], [-0.07047222846011222, -0.9966233319330811, -0.04213786020278721, 0.0], [-0.07000487547733891, -0.03623776361548259, -0.07153631799905957, 1.0]], "at_element": 3, "to_element": 8}, {"pose": [[0.9951419108768939, -0.07315324607149197, 0.06588763014017315, 0.0], [0.07564526482299976, 0.9964791497300614, -0.03615381118377765, 0.0], [-0.06301088101385964, 0.04096225997742017, 0.9971718618830955, 0.0], [-0.0341805708616173, -0.038871221358795505, -0.06916441655791772, 1.0]], "at_element": 8, "to_element": 3}, {"pose": [[3.0839623812477138e-15, -0.08519517954204299, -0.9963642814667731, 0.0], [0.0, 0.9963642814667731, -0.08519517954204299, 0.0], [1.0, 0.0, 0.0, 0.0], [0.9702541691251215, 0.0, 0.0, 1.0]], "at_element": 0, "to_element": 1}, {"pose": [[-3.0839623812477138e-15, 0.08519517954204299, 0.9963642814667731, 0.0], [0.9999786627660677, -0.006508784469811848, 0.000556540486068857, 0.0], [0.006532534928119226, 0.9963430218090177, -0.0851933617125669, 0.0], [0.9702541691251214, 0.003067016980809689, 0.03586900323184128, 1.0]], "at_element": 1, "to_element": 0}, {"pose": [[-6.167929963321142e-15, 0.9980064227896988, 0.06311243990299338, 0.0], [0.0, -0.06311243990299338, 0.9980064227896988, 0.0], [1.0, 0.0, 0.0, 0.0], [1.0153643925092364, 0.0, 0.0, 1.0]], "at_element": 0, "to_element": 9}, {"pose": [[6.167929963321142e-15, -0.9980064227896988, -0.06311243990299338, 0.0], [0.9981953389415763, -0.003789935025413483, 0.059930807668632964, 0.0], [-0.060050523022797495, -0.06299854334039706, 0.9962053594624336, 0.0], [1.0153643925092366, -0.03592808984193785, -0.0022720388959425186, 1.0]], "at_element": 9, "to_element": 0}, {"pose": [[0.04723214931616189, -0.08540752292483199, -0.9952259437428367, 0.0], [-0.9988625781649789, 0.0024774826577167513, -0.04761735000283007, 0.0], [0.006532534928119226, 0.9963430218090177, -0.0851933617125669, 0.0], [0.9765662613869381, 0.96578809651225, -0.04644947881856676, 1.0]], "at_element": 1, "to_element": 2}, {"pose": [[-0.04723214931616189, 0.08540752292483199, 0.9952259437428367, 0.0], [0.07249490191840524, 0.9940035637396917, -0.08186210642680324, 0.0], [-0.9962497745378998, 0.06828228394420265, -0.05314053474088318, 0.0], [0.9748659089813083, 0.968862758350991, -0.010621449561187712, 1.0]], "at_element": 2, "to_element": 1}, {"pose": [[-0.9998757957698929, 0.007730087644930547, 0.013734583303642982, 0.0], [0.014342908384843743, 0.08509305869151096, 0.9962697688586093, 0.0], [0.006532534928119226, 0.9963430218090177, -0.0851933617125669, 0.0], [0.9768298568935583, 1.0059917152438604, -0.0498871316728392, 1.0]], "at_element": 1, "to_element": 10}, {"pose": [[0.9998757957698929, -0.007730087644930547, -0.013734583303642982, 0.0], [0.008787619942528345, 0.9968607881440913, 0.07868511165707467, 0.0], [0.013083224727436503, -0.07879603293150182, 0.9968049028897225, 0.0], [1.0128255238020012, 1.0057134310197426, -0.050381578570959706, 1.0]], "at_element": 10, "to_element": 1}, {"pose": [[-0.06404023045395399, -0.9949096069290899, -0.07780567410933688, 0.0], [-0.058182777663057565, -0.07411075319794366, 0.9955512847884054, 0.0], [-0.9962497745378998, 0.06828228394420265, -0.05314053474088318, 0.0], [1.0111040382366885, 0.9663790215465633, -0.008688486948941865, 1.0]], "at_element": 2,