{"line": [[[-0.08044067770242691, 0.26325318217277527, 0.3094094395637512], [0.9869751334190369, 0.2729965150356293, 0.2950068712234497]], [[0.677963376045227, -0.0049441601149737835, 0.2945272922515869], [0.7322602868080139, 1.079421877861023, 0.2758854031562805]], [[0.9809042811393738, 0.6995778679847717, 0.32637226581573486], [-0.08225236088037491, 0.6915064454078674, 0.23176035284996033]], [[0.3055127263069153, 1.0816987752914429, 0.28762704133987427], [0.296617329120636, 0.002318860264495015, 0.2832289934158325]], [[0.018170887604355812, 0.2733709514141083, 0.7019581198692322], [1.084614872932434, 0.2628442645072937, 0.685418963432312]], [[0.7079880833625793, 0.0019331610528752208, 0.7149955034255981], [0.7055788040161133, 1.0788521766662598, 0.6996940970420837]], [[1.0570749044418335, 0.6909000277519226, 0.7594486474990845], [-0.04767035320401192, 0.6923220157623291, 0.6517165899276733]], [[0.29468637704849243, 1.081060528755188, 0.708964467048645], [0.3236702084541321, -0.005363354459404945, 0.7011933326721191]], [[0.3010321855545044, 0.24386940896511078, 0.020914001390337944], [0.29450154304504395, 0.2544518709182739, 1.0793824195861816]], [[0.7150581479072571, 0.254312127828598, -0.08335237950086594], [0.7029662132263184, 0.24371418356895447, 0.9758224487304688]], [[0.7379454374313354, 0.6974503993988037, 0.011290190741419792], [0.7198952436447144, 0.718436598777771, 1.0935605764389038]], [[0.280780166387558, 0.7161557078361511, -0.06598371267318726], [0.28616729378700256, 0.7098609805107117, 1.0411587953567505]]], "radius": 0.01, "contact_pts": [[[0.29906734824180603, 0.2667173147201538, 0.30428874492645264], [0.29879698157310486, 0.26680099964141846, 0.2843066453933716]], [[0.29879698157310486, 0.26680099964141846, 0.2843066453933716], [0.29906734824180603, 0.2667173147201538, 0.30428874492645264]], [[0.2990971803665161, 0.2667176127433777, 0.3042883574962616], [0.2992825508117676, 0.246704563498497, 0.3044896125793457]], [[0.2992825508117676, 0.246704563498497, 0.3044896125793457], [0.2990971803665161, 0.2667176127433777, 0.3042883574962616]], [[0.7105185985565186, 0.27047303318977356, 0.2987370789051056], [0.7106983661651611, 0.2504909932613373, 0.2985392212867737]], [[0.7106983661651611, 0.2504909932613373, 0.2985392212867737], [0.7105185985565186, 0.27047303318977356, 0.2987370789051056]], [[0.6908077001571655, 0.2515699863433838, 0.29011744260787964], [0.7107920050621033, 0.250573068857193, 0.29033562541007996]], [[0.7107920050621033, 0.250573068857193, 0.29033562541007996], [0.6908077001571655, 0.2515699863433838, 0.29011744260787964]], [[0.713116466999054, 0.6970997452735901, 0.28245809674263], [0.7113399505615234, 0.6975313425064087, 0.30238333344459534]], [[0.7113399505615234, 0.6975313425064087, 0.30238333344459534], [0.713116466999054, 0.6970997452735901, 0.28245809674263]], [[0.7134473323822021, 0.703707218170166, 0.2823445200920105], [0.733418881893158, 0.7027131915092468, 0.28269684314727783]], [[0.733418881893158, 0.7027131915092468, 0.28269684314727783], [0.7134473323822021, 0.703707218170166, 0.2823445200920105]], [[0.30409178137779236, 0.6944395303726196, 0.26614171266555786], [0.3023206889629364, 0.6943730711936951, 0.28604885935783386]], [[0.3023206889629364, 0.6943730711936951, 0.28604885935783386], [0.30409178137779236, 0.6944395303726196, 0.26614171266555786]], [[0.2825494408607483, 0.694275975227356, 0.2642246186733246], [0.2823874354362488, 0.7142776250839233, 0.2643391489982605]], [[0.2823874354362488, 0.7142776250839233, 0.2643391489982605], [0.2825494408607483, 0.694275975227356, 0.2642246186733246]], [[0.30248236656188965, 0.7139888405799866, 0.2861287593841553], [0.2824939489364624, 0.7141532301902771, 0.28622695803642273]], [[0.2824939489364624, 0.7141532301902771, 0.28622695803642273], [0.30248236656188965, 0.7139888405799866, 0.2861287593841553]], [[0.29704979062080383, 0.27061817049980164, 0.6976330876350403], [0.2968556880950928, 0.2506371736526489, 0.6978316307067871]], [[0.2968556880950928, 0.2506371736526489, 0.6978316307067871], [0.29704979062080383, 0.27061817049980164, 0.6976330876350403]], [[0.3168250024318695, 0.2512206435203552, 0.7030286192893982], [0.2968243360519409, 0.25068795680999756, 0.7029105424880981]], [[0.2968243360519409, 0.25068795680999756, 0.7029105424880981], [0.3168250024318695, 0.2512206435203552, 0.7030286192893982]], [[0.7070829272270203, 0.2665708065032959, 0.6912739872932434], [0.7073954343795776, 0.2668550908565521, 0.7112313508987427]], [[0.7073954343795776, 0.2668550908565521, 0.7112313508987427], [0.7070829272270203, 0.2665708065032959, 0.6912739872932434]], [[0.7064175009727478, 0.2665773928165436, 0.6912842988967896], [0.7062169313430786, 0.24656325578689575, 0.6910817623138428]], [[0.7062169313430786, 0.24656325578689575, 0.6910817623138428], [0.7064175009727478, 0.2665773928165436, 0.6912842988967896]], [[0.7064463496208191, 0.6910759806632996, 0.7052037715911865], [0.7045096755027771, 0.6913538575172424, 0.7250673770904541]], [[0.7045096755027771, 0.6913538575172424, 0.7250673770904541], [0.7064463496208191, 0.6910759806632996, 0.7052037715911865]], [[0.706402063369751, 0.7108576893806458, 0.7049227356910706], [0.7263714075088501, 0.710906982421875, 0.7052547335624695]], [[0.7263714075088501, 0.710906982421875, 0.7052547335624695], [0.706402063369751, 0.7108576893806458, 0.7049227356910706]], [[0.7259491682052612, 0.6913262605667114, 0.7271580696105957], [0.7260125875473022, 0.7113242149353027, 0.7267712950706482]], [[0.7260125875473022, 0.7113242149353027, 0.7267712950706482], [0.7259491682052612, 0.6913262605667114, 0.7271580696105957]], [[0.30701297521591187, 0.6918655037879944, 0.6863044500350952], [0.3050745725631714, 0.6916715502738953, 0.706179141998291]], [[0.3050745725631714, 0.6916715502738953, 0.706179141998291], [0.30701297521591187, 0.6918655037879944, 0.6863044500350952]], [[0.2844157814979553, 0.6918945908546448, 0.684100866317749], [0.28443047404289246, 0.7118903994560242, 0.6842144727706909]], [[0.28443047404289246, 0.7118903994560242, 0.6842144727706909], [0.2844157814979553, 0.6918945908546448, 0.684100866317749]], [[0.304524302482605, 0.7122980356216431, 0.7063267230987549], [0.28453850746154785, 0.7117641568183899, 0.7064209580421448]], [[0.28453850746154785, 0.7117641568183899, 0.7064209580421448], [0.304524302482605, 0.7122980356216431, 0.7063267230987549]]]}