{"summary": {"continuous_vars": 956.0, "discrete_vars": 606.0, "num_constraints": 4748.0, "runtime": 0.029999971389770508, "iterations": 1}, "original": [{"discrete_vars": 606, "continuous_vars": 956, "num_constraints": 4748, "runtime": 0.029999971389770508, "tr_size": 0.10000000149011612, "status": true, "radius": 0.018000000000000002}]}