{"summary": {"continuous_vars": 2878.0, "discrete_vars": 2055.5, "num_constraints": 16579.0, "runtime": 93.54800009727478, "iterations": 2}, "original": [{"discrete_vars": 1992, "continuous_vars": 2786, "num_constraints": 15020, "runtime": 0.10199999809265137, "tr_size": 0.10000000149011612, "status": true, "radius": 0.018000000000000002}, {"discrete_vars": 2119, "continuous_vars": 2970, "num_constraints": 18138, "runtime": 93.44600009918213, "tr_size": 0.05000000074505806, "status": false, "radius": 0}]}