{"summary": {"continuous_vars": 2605.0, "discrete_vars": 2204.0, "num_constraints": 16460.0, "runtime": 61.8510000705719, "iterations": 2}, "original": [{"discrete_vars": 2233, "continuous_vars": 2602, "num_constraints": 16478, "runtime": 28.386000156402588, "tr_size": 0.10000000149011612, "status": true, "radius": 0.018000000000000002}, {"discrete_vars": 2175, "continuous_vars": 2608, "num_constraints": 16442, "runtime": 33.46499991416931, "tr_size": 0.05000000074505806, "status": true, "radius": 0.018000000000000002}]}