{"line": [[[-0.426919775125427, -0.6591167717554938, -0.24029954913856746], [0.2603157982440498, 1.217941673402099, -0.17427788482989218]], [[-0.08444803647901994, 1.1075256149077566, -0.2312868885583731], [1.0038632901990274, -0.5700467624472667, -0.19482629394331583]], [[-0.751495676712781, -0.2403774418537567, -0.27237734685796305], [1.247944216321165, -0.25593139227814865, -0.22767624205508086]], [[0.7881061324362132, -0.403025536426298, -0.651372026430063], [0.048807297986171505, 0.38505019153903164, 1.0315937725013136]], [[0.19831391604688337, 0.9605733374750447, -0.6525359200656105], [0.2812926327285852, -0.049524477994394744, 1.0716499561558963]], [[-0.29697383591872184, -0.37065627245823446, -0.6632738522341328], [0.464876920790675, 0.3243740818187716, 1.0503527789591676]]], "adj": [[0, 2], [2, 5], [0, 1], [1, 4], [1, 2], [2, 3], [3, 4], [3, 5], [4, 5]], "coupler_contact_pts": [[[-0.2753223796612053, -0.24505617529241353, -0.2257358205697214], [-0.2745105021600941, -0.244087982882777, -0.26171347826587094]], [[-0.12362364459522351, -0.24526175495286168, -0.2583401289309478], [-0.12305755810758973, -0.21199384268825638, -0.2720849446554151]], [[0.1092464884506194, 0.8053234464939957, -0.18879088102073827], [0.11126173381482543, 0.8058497097000024, -0.2247302218932647]], [[0.19052226511769524, 0.6836739363998754, -0.22207483640754244], [0.21949929226992643, 0.7026842895535201, -0.2123323603223839]], [[0.7976453889324915, -0.25217314816005076, -0.20173500390170382], [0.7984479881670081, -0.2524346919907236, -0.23772554539909393]], [[0.6142281505147649, -0.2510016175422166, -0.24184411395339409], [0.6148189916084194, -0.2183053890497874, -0.25689510070255545]], [[0.22804396151708434, 0.19398798839721648, 0.6235731446025945], [0.260071704958035, 0.20879733801405065, 0.6307076831794356]], [[0.2557889427483762, 0.16441246999740727, 0.5604134961243277], [0.25345476255272614, 0.13149533719847584, 0.5748021050374645]], [[0.2622755710640643, 0.1819697317517548, 0.6765010500216209], [0.29460906362690215, 0.16904007703591062, 0.6673702434658622]]], "radius": 0.01, "half_couplers": [{"pose": [[-0.022552253781365342, -0.02689435401452669, 0.9993838549684111, 0.0], [0.9388387574675763, -0.3441505369569857, 0.011924570808037063, 0.0], [0.3436177866847384, 0.9385292225787963, 0.033010832154337644, 0.0], [-0.2753223796612053, -0.24505617529241353, -0.2257358205697214, 1.0]], "at_element": 0, "to_element": 2}, {"pose": [[0.022552253781365342, 0.02689435401452669, -0.9993838549684111, 0.0], [0.007171079798853604, 0.9996080293688573, 0.027062210475647993, 0.0], [0.999719946516973, -0.007776975212195975, 0.022350552401441102, 0.0], [-0.2745105021600941, -0.244087982882777, -0.26171347826587094, 1.0]], "at_element": 2, "to_element": 0}, {"pose": [[-0.015724658631642477, -0.9241106706768292, 0.3818012617215128, 0.0], [0.0176851250213, -0.3820457917550849, -0.9239741605452023, 0.0], [0.999719946516973, -0.007776975212195975, 0.022350552401441102, 0.0], [-0.12362364459522351, -0.24526175495286168, -0.2583401289309478, 1.0]], "at_element": 2, "to_element": 5}, {"pose": [[0.015724658631642477, 0.9241106706768292, -0.3818012617215128, 0.0], [-0.9244720608197136, 0.15891088697637157, 0.3465526493393675, 0.0], [0.3809253783546984, 0.347515177138503, 0.8568133155966502, 0.0], [-0.12305755810758973, -0.21199384268825638, -0.2720849446554151, 1.0]], "at_element": 5, "to_element": 2}, {"pose": [[-0.05597959101562372, -0.014618566831653185, 0.9983248884473992, 0.0], [0.9374396524916179, -0.34489012144366893, 0.0475152824569767, 0.0], [0.3436177866847384, 0.9385292225787963, 0.033010832154337644, 0.0], [0.1092464884506194, 0.8053234464939957, -0.18879088102073827, 1.0]], "at_element": 0, "to_element": 1}, {"pose": [[0.05597959101562372, 0.014618566831653185, -0.9983248884473992, 0.0], [0.837114627423145, 0.5442646664883201, 0.05490968372306499, 0.0], [0.5441556633390238, -0.8387861886775118, 0.018230297307528637, 0.0], [0.11126173381482543, 0.8058497097000024, -0.2247302218932647, 1.0]], "at_element": 1, "to_element": 0}, {"pose": [[-0.8049244174711945, -0.5280699554764698, -0.2706266880441346, 0.0], [0.23662480050646706, 0.13258903350930995, -0.9625117412158367, 0.0], [0.5441556633390238, -0.8387861886775118, 0.018230297307528637, 0.0], [0.19052226511769524, 0.6836739363998754, -0.22207483640754244, 1.0]], "at_element": 1, "to_element": 4}, {"pose": [[0.8049244174711945, 0.5280699554764698, 0.2706266880441346, 0.0], [-0.5919250926452795, 0.6826915283779679, 0.4284354814646328, 0.0], [0.04148935834085091, -0.5050489077347198, 0.8620929381107534, 0.0], [0.21949929226992643, 0.7026842895535201, -0.2123323603223839, 1.0]], "at_element": 4, "to_element": 1}, {"pose": [[-0.022294150974003717, 0.007265017703201689, 0.9997250573783375, 0.0], [-0.8386880140364563, -0.5444124807548278, -0.014746725397830148, 0.0], [0.5441556633390238, -0.8387861886775118, 0.018230297307528637, 0.0], [0.7976453889324915, -0.25217314816005076, -0.20173500390170382, 1.0]], "at_element": 1, "to_element": 2}, {"pose": [[0.022294150974003717, -0.007265017703201689, -0.9997250573783375, 0.0], [0.007937214149115336, 0.9999433674835394, -0.007089602050187873, 0.0], [0.999719946516973, -0.007776975212195975, 0.022350552401441102, 0.0], [0.7984479881670081, -0.2524346919907236, -0.23772554539909393, 1.0]], "at_element": 2, "to_element": 1}, {"pose": [[-0.016412729711363813, -0.9082549717522722, 0.4180951190706502, 0.0], [0.017048484962665995, -0.4183448636517824, -0.9081282531760861, 0.0], [0.999719946516973, -0.007776975212195975, 0.022350552401441102, 0.0], [0.6142281505147649, -0.2510016175422166, -0.24184411395339409, 1.0]], "at_element": 2, "to_element": 3}, {"pose": [[0.016412729711363813, 0.9082549717522722, -0.4180951190706502, 0.0], [-0.9290263347444057, -0.1407375857234265, -0.3422031579575458, 0.0], [-0.36964941722502087, 0.3940378639826648, 0.8414828994656882, 0.0], [0.6148189916084194, -0.2183053890497874, -0.25689510070255545, 1.0]], "at_element": 3, "to_element": 2}, {"pose": [[-0.889661315679098, -0.41137164373617685, -0.19818202268099994, 0.0], [0.26807098263209894, -0.8218926526486139, 0.5026235328681757, 0.0], [-0.36964941722502087, 0.3940378639826648, 0.8414828994656882, 0.0], [0.22804396151708434, 0.19398798839721648, 0.6235731446025945, 1.0]], "at_element": 3, "to_element": 4}, {"pose": [[0.889661315679098, 0.41137164373617685, 0.19818202268099994, 0.0], [-0.4547322030916673, 0.7587482926015454, 0.46639002127579726, 0.0], [0.04148935834085091, -0.5050489077347198, 0.8620929381107534, 0.0], [0.260071704958035, 0.20879733801405065, 0.6307076831794356, 1.0]], "at_element": 4, "to_element": 3}, {"pose": [[0.06483788612155951, 0.9143584166478502, -0.3996807906674076, 0.0], [-0.9269063366211766, -0.09318179893744677, -0.3635406380011612, 0.0], [-0.36964941722502087, 0.3940378639826648, 0.8414828994656882, 0.0], [0.2557889427483762, 0.16441246999740727, 0.5604134961243277, 1.0]], "at_element": 3, "to_element": 5}, {"pose": [[-0.06483788612155951, -0.9143584166478502, 0.3996807906674076, 0.0], [0.922329607379389, -0.20780252059017867, -0.3257701763325655, 0.0], [0.3809253783546984, 0.347515177138503, 0.8568133155966502, 0.0], [0.25345476255272614, 0.13149533719847584, 0.5748021050374645, 1.0]], "at_element": 5, "to_element": 3}, {"pose": [[-0.8981517601021873, 0.35915675109889084, 0.25363328639086863, 0.0], [-0.4377237130540309, -0.7848133720420777, -0.43870938227274814, 0.0], [0.04148935834085091, -0.5050489077347198, 0.8620929381107534, 0.0], [0.2622755710640643, 0.1819697317517548, 0.6765010500216209, 1.0]], "at_element": 4, "to_element": 5}, {"pose": [[0.8981517601021873, -0.35915675109889084, -0.25363328639086863, 0.0], [0.2195888702796181, 0.8661637430639095, -0.44893328931015913, 0.0], [0.3809253783546984, 0.347515177138503, 0.8568133155966502, 0.0], [0.29460906362690215, 0.16904007703591062, 0.6673702434658622, 1.0]], "at_element": 5, "to_element": 4}]}