{"line": [[[-0.2634864068471307, -0.29229205556876364, -0.2551753921957921], [0.131497837354405, 0.8376578315776809, -0.34003232691699625]], [[0.07268618456983716, 0.7406608073788611, -0.2919842239680471], [0.6340684897180955, -0.31697372580863337, -0.37109870858179383]], [[-0.3492830010836435, -0.1400653120143669, -0.29798440320302044], [0.8481683415175068, -0.20932485193404965, -0.334225239738847]], [[0.7026506484223336, -0.24352733637919266, -0.3436461783250373], [0.19249640206588364, 0.12266849452828027, 0.6789218571920493]], [[0.142974121843729, 0.7091897922685128, -0.3359301744860056], [0.175873648768697, 0.07362443814972375, 0.6814066929143519]], [[-0.20992585789786666, -0.2152800510700127, -0.3015282449972618], [0.26548374799422625, 0.10485057630273309, 0.7527497487233019]]], "adj": [[0, 2], [0, 5], [0, 1], [1, 4], [1, 2], [2, 3], [3, 4], [3, 5]], "coupler_contact_pts": [[[-0.21222678763865138, -0.14565126725864164, -0.26618781667819325], [-0.21344487534202033, -0.14792207057958773, -0.3020955408628117]], [[-0.2293620632754354, -0.1946709510972915, -0.2625065382791528], [-0.19721618749133984, -0.2067216317395758, -0.27334302187393233]], [[0.0851867669238911, 0.7051735880292473, -0.3300830301081188], [0.09122906385542504, 0.7057263441845048, -0.29459743483073497]], [[0.11341211683118847, 0.6639338568482697, -0.2977236480854856], [0.1444970829039551, 0.6797686614492383, -0.2888363534193171]], [[0.5671770049106738, -0.19095132777485158, -0.36167182551644705], [0.5681382680840521, -0.19312815703741526, -0.32575013619570653]], [[0.691524469616208, -0.20026470718064793, -0.3294844166640803], [0.689896801691128, -0.23437244737384433, -0.3180819963342779]], [[0.2052502487970893, 0.11351360552293194, 0.6533576752012898], [0.17466456839053457, 0.09698190467066858, 0.6440188591269465]], [[0.21703926633345938, 0.10505128436585703, 0.6297274249604257], [0.21508159814085032, 0.07091085010974002, 0.6409769179515958]]], "radius": 0.01, "half_couplers": [{"pose": [[0.03383570503232464, 0.06307774977240897, 0.9974348813574825, 0.0], [0.9436700134338437, -0.3307018808053397, -0.011098278135839214, 0.0], [0.3291535368346131, 0.9416249059553705, -0.07071411226767013, 0.0], [-0.21222678763865138, -0.14565126725864164, -0.26618781667819325, 1.0]], "at_element": 0, "to_element": 2}, {"pose": [[-0.03383570503232464, -0.06307774977240897, -0.9974348813574825, 0.0], [0.055663242136760785, 0.9963383100782394, -0.06489665126385619, 0.0], [0.9978761188342918, -0.057716283266402296, -0.03020069711318879, 0.0], [-0.21344487534202033, -0.14792207057958773, -0.3020955408628117, 1.0]], "at_element": 2, "to_element": 0}, {"pose": [[-0.8929390611745014, 0.3347404043836614, 0.3010127816254035, 0.0], [0.3071120027254966, -0.03593602868434495, 0.9509946475266475, 0.0], [0.3291535368346131, 0.9416249059553705, -0.07071411226767013, 0.0], [-0.2293620632754354, -0.1946709510972915, -0.2625065382791528, 1.0]], "at_element": 0, "to_element": 5}, {"pose": [[0.8929390611745014, -0.3347404043836614, -0.3010127816254035, 0.0], [0.21378835943488417, 0.903758641508994, -0.3708299546530167, 0.0], [0.39617467157674413, 0.2667755228106215, 0.8785649947671365, 0.0], [-0.19721618749133984, -0.2067216317395758, -0.27334302187393233, 1.0]], "at_element": 5, "to_element": 0}, {"pose": [[-0.16783883828828286, -0.015354086700196062, -0.9856948698170456, 0.0], [-0.9292405897028518, 0.33631352709360707, 0.15298737837662818, 0.0], [0.3291535368346131, 0.9416249059553705, -0.07071411226767013, 0.0], [0.0851867669238911, 0.7051735880292473, -0.3300830301081188, 1.0]], "at_element": 0, "to_element": 1}, {"pose": [[0.16783883828828286, 0.015354086700196062, 0.9856948698170456, 0.0], [-0.8677418357068818, -0.47219178448337734, 0.15510971997413475, 0.0], [0.46781858762354855, -0.8813621109895786, -0.06592873717812231, 0.0], [0.09122906385542504, 0.7057263441845048, -0.29459743483073497, 1.0]], "at_element": 1, "to_element": 0}, {"pose": [[-0.8634712268384344, -0.43985565638188134, -0.24686928114083642, 0.0], [0.18858210279885582, 0.1724176060060488, -0.9668034751918844, 0.0], [0.46781858762354855, -0.8813621109895786, -0.06592873717812231, 0.0], [0.11341211683118847, 0.6639338568482697, -0.2977236480854856, 1.0]], "at_element": 1, "to_element": 4}, {"pose": [[0.8634712268384344, 0.43985565638188134, 0.24686928114083642, 0.0], [-0.503652448050998, 0.7252660253669295, 0.469386199222658, 0.0], [0.0274162724374733, -0.5296377950989906, 0.8477807228336308, 0.0], [0.1444970829039551, 0.6797686614492383, -0.2888363534193171, 1.0]], "at_element": 4, "to_element": 1}, {"pose": [[-0.0267014418981922, 0.06046677089724949, -0.9978130098459416, 0.0], [0.8834210785771788, 0.4685558653237132, 0.004753840161451691, 0.0], [0.46781858762354855, -0.8813621109895786, -0.06592873717812231, 0.0], [0.5671770049106738, -0.19095132777485158, -0.36167182551644705, 1.0]], "at_element": 1, "to_element": 2}, {"pose": [[0.0267014418981922, -0.06046677089724949, 0.9978130098459416, 0.0], [-0.059416196956450236, -0.9965001757466839, -0.05879723867717219, 0.0], [0.9978761188342918, -0.057716283266402296, -0.03020069711318879, 0.0], [0.5681382680840521, -0.19312815703741526, -0.32575013619570653, 1.0]], "at_element": 2, "to_element": 1}, {"pose": [[0.045212955473529055, 0.9474363381473727, -0.3167336007045125, 0.0], [0.046893924100666715, 0.3146954334015811, 0.9480336196984954, 0.0], [0.9978761188342918, -0.057716283266402296, -0.03020069711318879, 0.0], [0.691524469616208, -0.20026470718064793, -0.3294844166640803, 1.0]], "at_element": 2, "to_element": 3}, {"pose": [[-0.045212955473529055, -0.9474363381473727, 0.3167336007045125, 0.0], [0.9040031977257406, 0.09612465253142824, 0.41657924777567473, 0.0], [-0.425128224373522, 0.30516296684494354, 0.8521393996919799, 0.0], [0.689896801691128, -0.23437244737384433, -0.3180819963342779, 1.0]], "at_element": 3, "to_element": 2}, {"pose": [[0.849604047883815, 0.4592148932373342, 0.2594121116071103, 0.0], [-0.3121521338393412, 0.8342644937281071, -0.45449290406356285, 0.0], [-0.425128224373522, 0.30516296684494354, 0.8521393996919799, 0.0], [0.2052502487970893, 0.11351360552293194, 0.6533576752012898, 1.0]], "at_element": 3, "to_element": 4}, {"pose": [[-0.849604047883815, -0.4592148932373342, -0.2594121116071103, 0.0], [0.526707992938279, -0.7131658207119187, -0.462572375248701, 0.0], [0.0274162724374733, -0.5296377950989906, 0.8477807228336308, 0.0], [0.17466456839053457, 0.09698190467066858, 0.6440188591269465, 1.0]], "at_element": 4, "to_element": 3}, {"pose": [[0.054380662112596796, 0.9483626626148969, -0.31249160588114816, 0.0], [-0.9034980555757779, -0.08650909677240234, -0.4197706990088891, 0.0], [-0.425128224373522, 0.30516296684494354, 0.8521393996919799, 0.0], [0.21703926633345938, 0.10505128436585703, 0.6297274249604257, 1.0]], "at_element": 3, "to_element": 5}, {"pose": [[-0.054380662112596796, -0.9483626626148969, 0.31249160588114816, 0.0], [0.9165633492504784, -0.17157820545484026, -0.3612098368312276, 0.0], [0.39617467157674413, 0.2667755228106215, 0.8785649947671365, 0.0], [0.21508159814085032, 0.07091085010974002, 0.6409769179515958, 1.0]], "at_element": 5, "to_element": 3}]}