{"line": [[[-0.22630445296087454, -0.3050836803423644, -0.25542270997128735], [0.15199844570817328, 0.8334552758087015, -0.280241295447439]], [[0.0815601546491698, 0.7422372080043977, -0.31120691277884793], [0.6828932924412394, -0.29492858167893143, -0.36302951502632524]], [[-0.35158169056333777, -0.15541643030996555, -0.2889814274233537], [0.8477693526569539, -0.16006556555476614, -0.32816638203445614]], [[0.6974717283722732, -0.23703712783559344, -0.37469629689891293], [0.1351269301466932, 0.16096623264426546, 0.6078318975847725]], [[0.15207081493784452, 0.706239317343942, -0.3363853966598376], [0.1976318643511018, 0.0865905221077139, 0.6902399299996276]], [[-0.24615432718356817, -0.1990101077333868, -0.30739465105254493], [0.20439540359568314, 0.1644744552291318, 0.7437399324250851]]], "adj": [[0, 2], [0, 5], [2, 5], [0, 1], [1, 4], [1, 2], [1, 3], [3, 4], [4, 5]], "coupler_contact_pts": [[[-0.17666756831935848, -0.1556967022748701, -0.2586791409121538], [-0.17784457772667928, -0.1560899006330913, -0.2946577312205214]], [[-0.18789145432406873, -0.18947606664326405, -0.2579427971644254], [-0.2205930289023313, -0.17838832793908876, -0.24776002520219756]], [[-0.2351398322271337, -0.1558678027005772, -0.29278579225842766], [-0.2348905788044226, -0.18992298953706171, -0.281116274544734]], [[0.10806573624825516, 0.7012355615391008, -0.2773590872783607], [0.10524186763546159, 0.7013915252923728, -0.31324779147902004]], [[0.12308096024034364, 0.6706230620130811, -0.31478515594875994], [0.15342891754584775, 0.6877685697274153, -0.3057833242419735]], [[0.6035070753117888, -0.1580050306480395, -0.35618804879791005], [0.6046777461467849, -0.15912325115738413, -0.3202241422529618]], [[0.6533617107154003, -0.24399317773006624, -0.3604844974356828], [0.6834131078651113, -0.2270870434332532, -0.35013309107320134]], [[0.16266664799731573, 0.1414748097915941, 0.5597145337507996], [0.19226569938336655, 0.15957254732701143, 0.5693243467578866]], [[0.19531542055773016, 0.11809509946666985, 0.6380435935086055], [0.16307929212925093, 0.1311423551439475, 0.6473492553247546]]], "radius": 0.01, "half_couplers": [{"pose": [[0.03269471942370218, 0.01092218118219267, 0.9994057040461739, 0.0], [0.948444500119507, -0.3157412595630701, -0.027576932436084875, 0.0], [0.31525241555753986, 0.9487824634592217, -0.020682154563459686, 0.0], [-0.17666756831935848, -0.1556967022748701, -0.2586791409121538, 1.0]], "at_element": 0, "to_element": 2}, {"pose": [[-0.03269471942370218, -0.01092218118219267, -0.9994057040461739, 0.0], [0.0035153225905478016, 0.9999328457039409, -0.011042942972912848, 0.0], [0.9994592026835762, -0.003874279370667162, -0.03265412884258536, 0.0], [-0.17784457772667928, -0.1560899006330913, -0.2946577312205214, 1.0]], "at_element": 2, "to_element": 0}, {"pose": [[0.9083701417112919, -0.30799039214045687, -0.28285261886108637, 0.0], [-0.27473550941322333, 0.07038291967102892, -0.9589403758764348, 0.0], [0.31525241555753986, 0.9487824634592217, -0.020682154563459686, 0.0], [-0.18789145432406873, -0.18947606664326405, -0.2579427971644254, 1.0]], "at_element": 0, "to_element": 5}, {"pose": [[-0.9083701417112919, 0.30799039214045687, 0.28285261886108637, 0.0], [-0.18410566000678774, -0.901882034857736, 0.3907862601913408, 0.0], [0.3754581089827094, 0.30290380246876547, 0.8759454862313584, 0.0], [-0.2205930289023313, -0.17838832793908876, -0.24776002520219756, 1.0]], "at_element": 5, "to_element": 0}, {"pose": [[-0.006923718149591992, 0.9459790466380631, -0.3241538299152522, 0.0], [0.03214598416746879, 0.32420461637845205, 0.9454406392898528, 0.0], [0.9994592026835762, -0.003874279370667162, -0.03265412884258536, 0.0], [-0.2351398322271337, -0.1558678027005772, -0.29278579225842766, 1.0]], "at_element": 2, "to_element": 5}, {"pose": [[0.006923718149591992, -0.9459790466380631, 0.3241538299152522, 0.0], [0.9268135036381984, -0.11564138433841019, -0.3572727245427269, 0.0], [0.3754581089827094, 0.30290380246876547, 0.8759454862313584, 0.0], [-0.2348905788044226, -0.18992298953706171, -0.281116274544734, 1.0]], "at_element": 5, "to_element": 2}, {"pose": [[0.07844086598260709, -0.004332330411240069, 0.9969093546843196, 0.0], [0.9457605114557466, -0.31590040827048393, -0.07578909568998944, 0.0], [0.31525241555753986, 0.9487824634592217, -0.020682154563459686, 0.0], [0.10806573624825516, 0.7012355615391008, -0.2773590872783607, 1.0]], "at_element": 0, "to_element": 1}, {"pose": [[-0.07844086598260709, 0.004332330411240069, -0.9969093546843196, 0.0], [0.8618206589413056, 0.5029497001202946, -0.06562584072512656, 0.0], [0.501110948160058, -0.8643048247361076, -0.043185501872897755, 0.0], [0.10524186763546159, 0.7013915252923728, -0.31324779147902004, 1.0]], "at_element": 1, "to_element": 0}, {"pose": [[-0.8429988395801256, -0.4762641176041992, -0.2500508883192684, 0.0], [0.19555248426110317, 0.1617085656994715, -0.9672691278432961, 0.0], [0.501110948160058, -0.8643048247361076, -0.043185501872897755, 0.0], [0.12308096024034364, 0.6706230620130811, -0.31478515594875994, 1.0]], "at_element": 1, "to_element": 4}, {"pose": [[0.8429988395801256, 0.4762641176041992, 0.2500508883192684, 0.0], [-0.5365737808386469, 0.7117094818157947, 0.45338525693940795, 0.0], [0.03796754117771441, -0.5163739960301902, 0.8555211055495545, 0.0], [0.15342891754584775, 0.6877685697274153, -0.3057833242419735, 1.0]], "at_element": 4, "to_element": 1}, {"pose": [[-0.03251833996956967, 0.031061399666572048, -0.998988361802267, 0.0], [0.8647718630943952, 0.5020083260152565, -0.012540550690013648, 0.0], [0.501110948160058, -0.8643048247361076, -0.043185501872897755, 0.0], [0.6035070753117888, -0.1580050306480395, -0.35618804879791005, 1.0]], "at_element": 1, "to_element": 2}, {"pose": [[0.03251833996956967, -0.031061399666572048, 0.998988361802267, 0.0], [-0.004884642948410388, -0.9995099696401791, -0.030918616611275554, 0.0], [0.9994592026835762, -0.003874279370667162, -0.03265412884258536, 0.0], [0.6046777461467849, -0.15912325115738413, -0.3202241422529618, 1.0]], "at_element": 2, "to_element": 1}, {"pose": [[-0.8347431710735209, -0.469604793521296, -0.287532913329837, 0.0], [0.2282359655712715, 0.18013469360372253, -0.956796653516327, 0.0], [0.501110948160058, -0.8643048247361076, -0.043185501872897755, 0.0], [0.6533617107154003, -0.24399317773006624, -0.3604844974356828, 1.0]], "at_element": 1, "to_element": 3}, {"pose": [[0.8347431710735209, 0.469604793521296, 0.287532913329837, 0.0], [-0.2891340701212699, 0.8182094490517777, -0.4969253334028113, 0.0], [-0.46862066518798345, 0.33166946706654915, 0.8187734954030714, 0.0], [0.6834131078651113, -0.2270870434332532, -0.35013309107320134, 1.0]], "at_element": 3, "to_element": 1}, {"pose": [[-0.8222020723510073, -0.5027187227188386, -0.266941263295221, 0.0], [0.3230764992698736, -0.7982914570780103, 0.5082837054006264, 0.0], [-0.46862066518798345, 0.33166946706654915, 0.8187734954030714, 0.0], [0.16266664799731573, 0.1414748097915941, 0.5597145337507996, 1.0]], "at_element": 3, "to_element": 4}, {"pose": [[0.8222020723510073, 0.5027187227188386, 0.266941263295221, 0.0], [-0.5679280042739812, 0.6932761225166761, 0.4436507634498287, 0.0], [0.03796754117771441, -0.5163739960301902, 0.8555211055495545, 0.0], [0.19226569938336655, 0.15957254732701143, 0.5693243467578866, 1.0]], "at_element": 4, "to_element": 3}, {"pose": [[0.895450016094936, -0.3624245799905504, -0.25849118455810366, 0.0], [0.44354000326069404, 0.775890662427692, 0.4486267328916332, 0.0], [0.03796754117771441, -0.5163739960301902, 0.8555211055495545, 0.0], [0.19531542055773016, 0.11809509946666985, 0.6380435935086055, 1.0]], "at_element": 4, "to_element": 5}, {"pose": [[-0.895450016094936, 0.3624245799905504, 0.25849118455810366, 0.0], [-0.23916621223471346, -0.8814180110870425, 0.4073104622479781, 0.0], [0.3754581089827094, 0.30290380246876547, 0.8759454862313584, 0.0], [0.16307929212925093, 0.1311423551439475, 0.6473492553247546, 1.0]], "at_element": 5, "to_element": 4}]}