{"line": [[[1.5, 0.0, 0.0], [-0.5, 0.0, 0.0]], [[-0.008175610618709084, -0.5040782421317502, -0.013670396543202179], [-0.1335858056207272, 1.4900241323949932, -0.10214639835362999]], [[-0.24350454556046397, 1.1696234306480626, -0.05747978595195019], [1.1471210704723622, -0.26279930655197625, 0.062209386430815194]], [[-0.016211970296564293, -0.20405006452837882, 1.2164621102258069], [-0.15386066325604486, 1.1296541638726767, -0.2675479532413152]], [[0.04266903824349022, 0.024881401609174708, 1.499497804041137], [-0.10809734291182815, -0.0625364811507001, -0.4928946302165097]], [[-0.240793739593467, -0.03630410153354796, 1.1742898628077443], [1.1566979642929827, -0.035933588340410494, -0.25645008571138506]]], "adj": [[0, 5], [2, 5], [0, 1], [1, 4], [1, 2], [1, 3], [3, 5], [4, 5]], "coupler_contact_pts": [[[0.9062164990165739, 0.0, 0.0], [0.9062164990165735, -0.035999997813370654, -9.32278025511657e-06]], [[0.9059253956845891, -0.014354171716953301, 0.041450017147796225], [0.8853532306695713, -0.03600552923524103, 0.0213503113397312]], [[-0.039777012560248126, 0.0, 0.0], [-0.039777012560248126, -0.0015957234738137593, -0.03596496115452957]], [[-0.03735159645345115, -0.04016139206001973, -0.03425384731842912], [-0.0731793029235362, -0.04229018285455338, -0.03144932550956725]], [[-0.10443278802819195, 1.0264724920761261, -0.08157915151014106], [-0.10598384892745616, 1.0279693647214796, -0.04564357484254866]], [[-0.1003080145402373, 0.9608859533853681, -0.07866915311182898], [-0.1362156022831973, 0.9586878297658301, -0.0773140506069836]], [[-0.03593841332376474, -0.012916825911762408, 1.0037885327339109], [-0.05554386444656412, -0.036254986735529404, 0.9846326390161743]], [[-0.0007627538446877136, -0.0003013697734205456, 0.9255424348160107], [0.0007443708970122642, -0.036240063188036964, 0.9270052293408716]]], "radius": 0.01, "half_couplers": [{"pose": [[9.251858790267337e-15, 0.9999999664682725, 0.000258966125243627, 0.0], [0.0, 0.000258966125243627, -0.9999999664682725, 0.0], [-1.0, 0.0, 0.0, 0.0], [0.9062164990165739, 0.0, 0.0, 1.0]], "at_element": 0, "to_element": 5}, {"pose": [[-9.251858790267337e-15, -0.9999999664682725, -0.000258966125243627, 0.0], [-0.7153699982471567, 0.00018095150581441254, -0.6987458285130694, 0.0], [0.6987458519432249, 0.00018525659656873364, -0.7153699742595648, 0.0], [0.9062164990165735, -0.035999997813370654, -9.32278025511657e-06, 1.0]], "at_element": 5, "to_element": 0}, {"pose": [[0.5714504768059641, 0.6014281223337354, 0.558326576677444, 0.0], [-0.4358720587128385, -0.3540134025064635, 0.8274600046402416, 0.0], [0.695312808016413, -0.7162113686000194, 0.05984458619138269, 0.0], [0.9059253956845891, -0.014354171716953301, 0.041450017147796225, 1.0]], "at_element": 2, "to_element": 5}, {"pose": [[-0.5714504768059641, -0.6014281223337354, -0.558326576677444, 0.0], [-0.43034705407423185, 0.7989268923663235, -0.42013954075225945, 0.0], [0.6987458519432249, 0.00018525659656873364, -0.7153699742595648, 0.0], [0.8853532306695713, -0.03600552923524103, 0.0213503113397312, 1.0]], "at_element": 5, "to_element": 2}, {"pose": [[0.0, 0.044325228564319995, 0.9990171540632928, 0.0], [0.0, 0.9990171540632928, -0.044325228564319995, 0.0], [-1.0, 0.0, 0.0, 0.0], [-0.039777012560248126, 0.0, 0.0, 1.0]], "at_element": 0, "to_element": 1}, {"pose": [[0.0, -0.044325228564319995, -0.9990171540632928, 0.0], [-0.9980320990566331, -0.06264346805071938, 0.0027794177788801975, 0.0], [-0.06270509750100907, 0.9970511872633718, -0.04423800090521391, 0.0], [-0.039777012560248126, -0.0015957234738137593, -0.03596496115452957, 1.0]], "at_element": 1, "to_element": 0}, {"pose": [[0.9952057584766496, 0.059132583858833444, -0.07790273307846653, 0.0], [-0.07505710520867188, -0.04891081171764445, -0.9959789974968427, 0.0], [-0.06270509750100907, 0.9970511872633718, -0.04423800090521391, 0.0], [-0.03735159645345115, -0.04016139206001973, -0.03425384731842912, 1.0]], "at_element": 1, "to_element": 4}, {"pose": [[-0.9952057584766496, -0.059132583858833444, 0.07790273307846653, 0.0], [-0.0623127023426864, 0.9972927684334342, -0.03904178731985215, 0.0], [-0.07538319057765917, -0.043708941379937395, -0.9961962171288232, 0.0], [-0.0731793029235362, -0.04229018285455338, -0.03144932550956725, 1.0]], "at_element": 4, "to_element": 1}, {"pose": [[0.04308482404946426, -0.041579601793910466, -0.998205807762751, 0.0], [-0.9971016842248415, -0.06449857898713801, -0.04035052198701153, 0.0], [-0.06270509750100907, 0.9970511872633718, -0.04423800090521391, 0.0], [-0.10443278802819195, 1.0264724920761261, -0.08157915151014106, 1.0]], "at_element": 1, "to_element": 2}, {"pose": [[-0.04308482404946426, 0.041579601793910466, 0.998205807762751, 0.0], [-0.7174146617856069, -0.6966436766401789, -0.0019470111188296564, 0.0], [0.695312808016413, -0.7162113686000194, 0.05984458619138269, 0.0], [-0.10598384892745616, 1.0279693647214796, -0.04564357484254866, 1.0]], "at_element": 2, "to_element": 1}, {"pose": [[0.9974241777919107, 0.06105844980724146, -0.0376414035772749, 0.0], [-0.03482930236913796, -0.04648435956142864, -0.9983116367210406, 0.0], [-0.06270509750100907, 0.9970511872633718, -0.04423800090521391, 0.0], [-0.1003080145402373, 0.9608859533853681, -0.07866915311182898, 1.0]], "at_element": 1, "to_element": 3}, {"pose": [[-0.9974241777919107, -0.06105844980724146, 0.0376414035772749, 0.0], [-0.020204427429843172, 0.7426844036960938, 0.6693367296203081, 0.0], [-0.06882434647974028, 0.6668521142005277, -0.742005031733561, 0.0], [-0.1362156022831973, 0.9586878297658301, -0.0773140506069836, 1.0]], "at_element": 3, "to_element": 1}, {"pose": [[0.5445976024280151, 0.648284313892806, 0.5321098568812564, 0.0], [0.8358688059506074, -0.36747204811634004, -0.4077838068043995, 0.0], [-0.06882434647974028, 0.6668521142005277, -0.742005031733561, 0.0], [-0.03593841332376474, -0.012916825911762408, 1.0037885327339109, 1.0]], "at_element": 3, "to_element": 5}, {"pose": [[-0.5445976024280151, -0.648284313892806, -0.5321098568812564, 0.0], [-0.4638617098034628, 0.7613983281046309, -0.4528850849141325, 0.0], [0.6987458519432249, 0.00018525659656873364, -0.7153699742595648, 0.0], [-0.05554386444656412, -0.036254986735529404, 0.9846326390161743, 1.0]], "at_element": 5, "to_element": 3}, {"pose": [[-0.04186456199094739, 0.99829670146134, -0.040633167495466034, 0.0], [0.9962754303041095, 0.03864226047805224, -0.0770846461852678, 0.0], [-0.07538319057765917, -0.043708941379937395, -0.9961962171288232, 0.0], [-0.0007627538446877136, -0.0003013697734205456, 0.9255424348160107, 1.0]], "at_element": 4, "to_element": 5}, {"pose": [[0.04186456199094739, -0.99829670146134, 0.040633167495466034, 0.0], [-0.7141439580654892, -0.05834090787262316, -0.6975634348409866, 0.0], [0.6987458519432249, 0.00018525659656873364, -0.7153699742595648, 0.0], [0.0007443708970122642, -0.036240063188036964, 0.9270052293408716, 1.0]], "at_element": 5, "to_element": 4}]}