{"line": [[[0.0, 0.0, 1.5], [0.0, 0.0, -0.5]], [[1.5038471540665297, 0.006739129338620697, -0.027953991020646884], [-0.4885885538143484, -0.16134520420281556, -0.07208568914291152]], [[0.05958004581703277, -0.49957567985737694, -0.007679970532485536], [-0.034467560425368804, 1.4963331167346712, -0.09430054226089735]], [[-0.23523896961309487, 1.1835151774860668, -0.04076089511194386], [1.0937186755013397, -0.31051067830754653, 0.0011714278866539751]], [[0.057290235672888684, -0.20361362914598552, 1.2097668141104303], [-0.08158013943826847, 1.1366352696691786, -0.26822097614401763]], [[-0.24480373616308038, -0.026483465097629277, 1.1706597866965227], [1.1754276714786553, -0.08185240267337024, -0.23642124490745298]]], "adj": [[1, 3], [1, 5], [3, 5], [0, 2], [1, 2], [2, 3], [3, 4], [0, 4], [0, 5]], "coupler_contact_pts": [[[0.8603783246425369, -0.04754469468672462, -0.04220658246884451], [0.8595575469023811, -0.04726468108952908, -0.006217009295091003]], [[0.9696676217110713, -0.03832491480207556, -0.039785865831843015], [0.9725764214804388, -0.07394407298999683, -0.03544825939687757]], [[0.8990716977824268, -0.09168683652958054, -0.004970227545643524], [0.9206327431485359, -0.07191900421068492, 0.016014455833397223]], [[0.0, 0.0, -0.029434624373472218], [0.03596010106774461, 0.0016944468762454534, -0.029434624373471996]], [[0.04238478547605362, -0.11655163846321076, -0.06032483029670188], [0.04146040245035068, -0.11503473265391229, -0.024368687349919038]], [[-0.007556872434249684, 0.9252257698301545, -0.06951501849767056], [-0.006902387552454814, 0.9268171866386902, -0.033556238630556845]], [[-0.037812582610637246, 0.9615666993822448, -0.03453154155905441], [-0.06123203251240328, 0.9402540913326551, -0.051657482546854205]], [[0.0, 0.0, 0.9811359827382231], [0.03580829277458633, 0.003710289226197483, 0.9811359827382231]], [[0.0, 0.0, 0.9295122064638438], [-0.0014024254845856898, -0.03597267361977369, 0.9295122064638438]]], "radius": 0.01, "half_couplers": [{"pose": [[0.02279936882047451, -0.007778151093615731, -0.9997098024661721, 0.0], [0.08384614643317732, -0.996431841407152, 0.009664841346783774, 0.0], [-0.9962178539404392, -0.08404216677071814, -0.022065849061132323, 0.0], [0.8603783246425369, -0.04754469468672462, -0.04220658246884451, 1.0]], "at_element": 1, "to_element": 3}, {"pose": [[-0.02279936882047451, 0.007778151093615731, 0.9997098024661721, 0.0], [-0.7469592245593881, -0.6647640076904024, -0.011863006576423916, 0.0], [0.6644788225572172, -0.7470129278968066, 0.020966161499298915, 0.0], [0.8595575469023811, -0.04726468108952908, -0.006217009295091003, 1.0]], "at_element": 3, "to_element": 1}, {"pose": [[-0.08079998188193566, 0.9894209173633586, -0.1204890501735685, 0.0], [0.03195857346919942, -0.11825042278288529, -0.9924693884918984, 0.0], [-0.9962178539404392, -0.08404216677071814, -0.022065849061132323, 0.0], [0.9696676217110713, -0.03832491480207556, -0.039785865831843015, 1.0]], "at_element": 1, "to_element": 5}, {"pose": [[0.08079998188193566, -0.9894209173633586, 0.1204890501735685, 0.0], [-0.6994333778959035, -0.14240722759671975, -0.7003664265320991, 0.0], [0.7101157038208679, -0.02768446878787048, -0.7035405158019878, 0.0], [0.9725764214804388, -0.07394407298999683, -0.03544825939687757, 1.0]], "at_element": 5, "to_element": 1}, {"pose": [[-0.5989172779204797, -0.54910585835653, -0.5829072400707177, 0.0], [0.44695188620398774, 0.3747725201686664, -0.8122681635673801, 0.0], [0.6644788225572172, -0.7470129278968066, 0.020966161499298915, 0.0], [0.8990716977824268, -0.09168683652958054, -0.004970227545643524, 1.0]], "at_element": 3, "to_element": 5}, {"pose": [[0.5989172779204797, 0.54910585835653, 0.5829072400707177, 0.0], [0.37018074152408487, -0.8352941556759941, 0.406509399766115, 0.0], [0.7101157038208679, -0.02768446878787048, -0.7035405158019878, 0.0], [0.9206327431485359, -0.07191900421068492, 0.016014455833397223, 1.0]], "at_element": 5, "to_element": 3}, {"pose": [[-0.9988916889968616, -0.04706796843923425, -6.1679056471049125e-15, 0.0], [-0.04706796843923425, 0.9988916889968616, 0.0, 0.0], [0.0, 0.0, -1.0, 0.0], [0.0, 0.0, -0.029434624373472218, 1.0]], "at_element": 0, "to_element": 2}, {"pose": [[0.9988916889968616, 0.04706796843923425, 6.1679056471049125e-15, 0.0], [0.002038527168156812, -0.043262284597833246, -0.9990616693369637, 0.0], [-0.04702380312120079, 0.9979543982960241, -0.043310285864205905, 0.0], [0.03596010106774461, 0.0016944468762454534, -0.029434624373471996, 1.0]], "at_element": 2, "to_element": 0}, {"pose": [[0.025677309213481582, -0.04213627731152263, -0.9987818630341071, 0.0], [0.08301001916552693, -0.9955709157758725, 0.044134888459467, 0.0], [-0.9962178539404392, -0.08404216677071814, -0.022065849061132323, 0.0], [0.04238478547605362, -0.11655163846321076, -0.06032483029670188, 1.0]], "at_element": 1, "to_element": 2}, {"pose": [[-0.025677309213481582, 0.04213627731152263, 0.9987818630341071, 0.0], [0.9985636873687997, 0.04807861329060148, 0.023643375657443608, 0.0], [-0.04702380312120079, 0.9979543982960241, -0.043310285864205905, 0.0], [0.04146040245035068, -0.11503473265391229, -0.024368687349919038, 1.0]], "at_element": 2, "to_element": 1}, {"pose": [[-0.018180172025759184, -0.044206111017445315, -0.9988569973193494, 0.0], [-0.998728313048715, -0.046182666340682806, 0.02022172209612301, 0.0], [-0.04702380312120079, 0.9979543982960241, -0.043310285864205905, 0.0], [-0.007556872434249684, 0.9252257698301545, -0.06951501849767056, 1.0]], "at_element": 2, "to_element": 3}, {"pose": [[0.018180172025759184, 0.044206111017445315, 0.9988569973193494, 0.0], [-0.7470859225805877, -0.6633381530590217, 0.04295484813333568, 0.0], [0.6644788225572172, -0.7470129278968066, 0.020966161499298915, 0.0], [-0.006902387552454814, 0.9268171866386902, -0.033556238630556845, 1.0]], "at_element": 3, "to_element": 2}, {"pose": [[0.6505413416429886, 0.5920178609082404, 0.47572136296257694, 0.0], [-0.36778235029200573, -0.30246741629583024, 0.8793461234877957, 0.0], [0.6644788225572172, -0.7470129278968066, 0.020966161499298915, 0.0], [-0.037812582610637246, 0.9615666993822448, -0.03453154155905441, 1.0]], "at_element": 3, "to_element": 4}, {"pose": [[-0.6505413416429886, -0.5920178609082404, -0.47572136296257694, 0.0], [-0.7562901014441892, 0.4477142779405403, 0.4770505295937937, 0.0], [-0.06943518755557859, 0.6701244494075822, -0.738993895127224, 0.0], [-0.06123203251240328, 0.9402540913326551, -0.051657482546854205, 1.0]], "at_element": 4, "to_element": 3}, {"pose": [[-0.9946747695257638, -0.10306358653214347, 0.0, 0.0], [-0.10306358653214347, 0.9946747695257638, 0.0, 0.0], [0.0, 0.0, -1.0, 0.0], [0.0, 0.0, 0.9811359827382231, 1.0]], "at_element": 0, "to_element": 4}, {"pose": [[0.9946747695257638, 0.10306358653214347, 0.0, 0.0], [0.07616336125717041, -0.735058582316618, -0.6737121217290761, 0.0], [-0.06943518755557859, 0.6701244494075822, -0.738993895127224, 0.0], [0.03580829277458633, 0.003710289226197483, 0.9811359827382231, 1.0]], "at_element": 4, "to_element": 0}, {"pose": [[0.03895626279048288, 0.9992409166909644, 0.0, 0.0], [0.9992409166909644, -0.03895626279048288, 0.0, 0.0], [0.0, 0.0, -1.0, 0.0], [0.0, 0.0, 0.9295122064638438, 1.0]], "at_element": 0, "to_element": 5}, {"pose": [[-0.03895626279048288, -0.9992409166909644, 0.0, 0.0], [-0.7030064699392122, 0.02740730921733411, -0.7106551502839286, 0.0], [0.7101157038208679, -0.02768446878787048, -0.7035405158019878, 0.0], [-0.0014024254845856898, -0.03597267361977369, 0.9295122064638438, 1.0]], "at_element": 5, "to_element": 0}]}