{"line": [[[1.5, 0.0, 0.0], [-0.5, 0.0, 0.0]], [[0.0033114897555803213, -0.5040188532190872, -0.01377446340762728], [-0.14270127179666098, 1.488701480874889, -0.10178550562551725]], [[-0.24743671162163006, 1.1638740960344816, -0.05616402484389926], [1.176775030214652, -0.2358775639233297, 0.05481437332896419]], [[-0.015233386348349254, -0.2142481048928424, 1.206246905057375], [-0.15903603775186953, 1.1484367206103765, -0.25060273158759483]], [[0.03320001205918696, 0.045859308538084675, 1.4990336660498795], [-0.10225283790350492, -0.06301509613477208, -0.4934017505807613]], [[-0.24580718602517748, -0.04087011012008196, 1.168842314164752], [1.1580111077986914, -0.03493505904844796, -0.25567829751281157]]], "adj": [[0, 2], [0, 5], [0, 1], [0, 4], [1, 2], [1, 3], [3, 4], [3, 5]], "coupler_contact_pts": [[[0.9338805747330321, 0.0, 0.0], [0.9338805747330319, 0.0028453080118393537, 0.035887385997947774]], [[0.9061963473874197, 0.0, 0.0], [0.9061963473874197, -0.035999679355938896, -0.00014998725451109696]], [[-0.03350313555176343, 0.0, 0.0], [-0.033503135551763374, -0.0015884378081242878, -0.035964945306027396]], [[-0.06857609439634205, 0.0, 0.0], [-0.06857609439634216, -0.035946375161586774, 0.001964249462340306]], [[-0.10891144937865371, 1.0275522943108333, -0.0814182619972798], [-0.11024834115143622, 1.0290418631215785, -0.045473939124554275]], [[-0.10617208142387002, 0.9901665605706367, -0.07976707325079108], [-0.14206170977833288, 0.9875867020126878, -0.07863758839181367]], [[-0.03944732330930145, 0.015204997260274966, 0.9609380396156642], [-0.003551683089471902, 0.016319000370846826, 0.9584368528003314]], [[-0.03603616101599505, -0.017119435210540712, 0.9954961684056229], [-0.055745448027080535, -0.040066568716792816, 0.975977707355803]]], "radius": 0.01, "half_couplers": [{"pose": [[6.16790509401826e-15, -0.07903632599495118, -0.996871736570568, 0.0], [0.0, -0.996871736570568, 0.07903632599495118, 0.0], [-1.0, 0.0, 0.0, 0.0], [0.9338805747330321, 0.0, 0.0, 1.0]], "at_element": 0, "to_element": 2}, {"pose": [[-6.16790509401826e-15, 0.07903632599495118, 0.996871736570568, 0.0], [-0.7020720964430334, -0.7098782161642645, 0.05628223175680051, 0.0], [0.7121058709181411, -0.6998758299789057, 0.05548919908643173, 0.0], [0.9338805747330319, 0.0028453080118393537, 0.035887385997947774, 1.0]], "at_element": 2, "to_element": 0}, {"pose": [[0.0, 0.9999913208779388, 0.004166313573808655, 0.0], [0.0, 0.004166313573808655, -0.9999913208779388, 0.0], [-1.0, 0.0, 0.0, 0.0], [0.9061963473874197, 0.0, 0.0, 1.0]], "at_element": 0, "to_element": 5}, {"pose": [[0.0, -0.9999913208779388, -0.004166313573808655, 0.0], [-0.7122664876865684, 0.0029243736063596453, -0.7019030549567725, 0.0], [0.7019091469119344, 0.0029675255358169996, -0.7122603058387816, 0.0], [0.9061963473874197, -0.035999679355938896, -0.00014998725451109696, 1.0]], "at_element": 5, "to_element": 0}, {"pose": [[-1.5419761699400164e-15, 0.04412326520405879, 0.9990260944878928, 0.0], [0.0, 0.9990260944878928, -0.04412326520405879, 0.0], [-1.0, 0.0, 0.0, 0.0], [-0.03350313555176343, 0.0, 0.0, 1.0]], "at_element": 0, "to_element": 1}, {"pose": [[1.5419761699400164e-15, -0.04412326520405879, -0.9990260944878928, 0.0], [-0.9973314736665899, -0.07293527945946388, 0.003221279900571735, 0.0], [-0.07300638077612066, 0.9963601670469883, -0.04400552110894499, 0.0], [-0.033503135551763374, -0.0015884378081242878, -0.035964945306027396, 1.0]], "at_element": 1, "to_element": 0}, {"pose": [[3.083952651996864e-15, 0.9985103582829967, -0.05456248162942793, 0.0], [-0.0, -0.05456248162942793, -0.9985103582829967, 0.0], [-1.0, 0.0, 0.0, 0.0], [-0.06857609439634205, 0.0, 0.0, 1.0]], "at_element": 0, "to_element": 4}, {"pose": [[-3.083952651996864e-15, -0.9985103582829967, 0.05456248162942793, 0.0], [-0.9977039297102355, 0.0036953218188745898, 0.06762553687335009, 0.0], [-0.06772642498134596, -0.05443720233642838, -0.9962177083153205, 0.0], [-0.06857609439634216, -0.035946375161586774, 0.001964249462340306, 1.0]], "at_element": 4, "to_element": 0}, {"pose": [[0.03713587624996934, -0.04137690435966834, -0.9984532430117886, 0.0], [-0.996639852234055, -0.07452764123268837, -0.033979929828836665, 0.0], [-0.07300638077612066, 0.9963601670469883, -0.04400552110894499, 0.0], [-0.10891144937865371, 1.0275522943108333, -0.0814182619972798, 1.0]], "at_element": 1, "to_element": 2}, {"pose": [[-0.03713587624996934, 0.04137690435966834, 0.9984532430117886, 0.0], [-0.7010892634315996, -0.7130650562164358, 0.0034742343024970306, 0.0], [0.7121058709181411, -0.6998758299789057, 0.05548919908643173, 0.0], [-0.11024834115143622, 1.0290418631215785, -0.045473939124554275, 1.0]], "at_element": 2, "to_element": 1}, {"pose": [[0.9969353403395297, 0.07166282537380353, -0.03137461779129743, 0.0], [-0.028106859448858965, -0.04616120645674114, -0.9985385057524725, 0.0], [-0.07300638077612066, 0.9963601670469883, -0.04400552110894499, 0.0], [-0.10617208142387002, 0.9901665605706367, -0.07976707325079108, 1.0]], "at_element": 1, "to_element": 3}, {"pose": [[-0.9969353403395297, -0.07166282537380353, 0.03137461779129743, 0.0], [-0.03082412276830663, 0.7284483207786668, 0.6844069822921922, 0.0], [-0.07190132570176014, 0.6813424127516094, -0.7284248183224848, 0.0], [-0.14206170977833288, 0.9875867020126878, -0.07863758839181367, 1.0]], "at_element": 3, "to_element": 1}, {"pose": [[-0.9971034541018156, -0.030944603373246157, 0.0694775743697275, 0.0], [0.024797201062981333, 0.7313104321065632, 0.6815938311865463, 0.0], [-0.07190132570176014, 0.6813424127516094, -0.7284248183224848, 0.0], [-0.03944732330930145, 0.015204997260274966, 0.9609380396156642, 1.0]], "at_element": 3, "to_element": 4}, {"pose": [[0.9971034541018156, 0.030944603373246157, -0.0694775743697275, 0.0], [0.03460972663103093, -0.9980375857270384, 0.0521837551223565, 0.0], [-0.06772642498134596, -0.05443720233642838, -0.9962177083153205, 0.0], [-0.003551683089471902, 0.016319000370846826, 0.9584368528003314, 1.0]], "at_element": 4, "to_element": 3}, {"pose": [[0.5474807751007986, 0.6374210508618747, 0.5421800483355803, 0.0], [0.833723575447737, -0.3598151198934798, -0.41885329082947725, 0.0], [-0.07190132570176014, 0.6813424127516094, -0.7284248183224848, 0.0], [-0.03603616101599505, -0.017119435210540712, 0.9954961684056229, 1.0]], "at_element": 3, "to_element": 5}, {"pose": [[-0.5474807751007986, -0.6374210508618747, -0.5421800483355803, 0.0], [-0.45561864577340283, 0.7705099595140465, -0.4457870028536867, 0.0], [0.7019091469119344, 0.0029675255358169996, -0.7122603058387816, 0.0], [-0.055745448027080535, -0.040066568716792816, 0.975977707355803, 1.0]], "at_element": 5, "to_element": 3}]}