{"line": [[[0.13427753555752797, 0.9184760621573457, -0.6724750744592859], [0.2722982136419859, -0.01059834367321777, 1.0932460362633816]], [[-0.43919328635812993, -0.650467985038033, -0.2841267984908822], [0.3919386745644293, 1.1666120692049844, -0.3703807259679249]], [[-0.014671053622501679, 1.1462786037511106, -0.2631735039182132], [0.8998049181752498, -0.6261390990762267, -0.41240213290348443]], [[-0.7486948301858162, -0.13759300100033411, -0.23013597353731063], [1.2436269935945787, -0.22160081598864895, -0.38374729313730377]], [[0.8568657100566055, -0.35410261585233155, -0.6432137791500312], [0.13553671572020723, 0.318403717676369, 1.0967344135538277]], [[-0.3525228801710031, -0.3239936642722653, -0.6583163026067507], [0.4227392345315847, 0.24430574997547677, 1.095537861590645]]], "adj": [[1, 3], [1, 5], [3, 5], [0, 1], [0, 2], [2, 3], [2, 4], [3, 4], [0, 4], [0, 5]], "coupler_contact_pts": [[[-0.2151450097083987, -0.16063764060530222, -0.3073782732435213], [-0.21235971682479973, -0.1602079924325293, -0.2714883010216673]], [[-0.2321515497127167, -0.19781855300726375, -0.305613353908041], [-0.20064629729445652, -0.21266180444083072, -0.3147300854158219]], [[-0.17715897277908935, -0.1616922594610518, -0.27420233681609685], [-0.1777267279902546, -0.19586080570328074, -0.2628797740134567]], [[0.16031476791087296, 0.7432086564766289, -0.3393765020630568], [0.19152321952896537, 0.7284494872935043, -0.3495818385027873]], [[0.16313853107310863, 0.7242007359347882, -0.3032516380467423], [0.19489978952174414, 0.7400928932013939, -0.29737229159791817]], [[0.6779971575575375, -0.1962360576978266, -0.3762064656185326], [0.6806935430828569, -0.1978642847732307, -0.34034418970896196]], [[0.7140846551410367, -0.26618007103476604, -0.3820953986839996], [0.7456993477161704, -0.2504604728963755, -0.3750646921697603]], [[0.7279289229512645, -0.19985600167635553, -0.34398611590119993], [0.7274992681662195, -0.23349225331256646, -0.33116351008967976]], [[0.2454650834852328, 0.17002658009149807, 0.7499654130834602], [0.2766357323216728, 0.1868548917395259, 0.7563835045294798]], [[0.2479645527079971, 0.15320161650444375, 0.781941531687485], [0.27984430845634545, 0.13955781860172944, 0.772270599606766]]], "radius": 0.01, "half_couplers": [{"pose": [[-0.07736827489094215, -0.011934521548245118, -0.9969311496968154, 0.0], [-0.9062665534618692, 0.41762732946188147, 0.06533259341922817, 0.0], [0.4155659804612796, 0.9085400271215087, -0.043126963738521346, 0.0], [-0.2151450097083987, -0.16063764060530222, -0.3073782732435213, 1.0]], "at_element": 1, "to_element": 3}, {"pose": [[0.07736827489094215, 0.011934521548245118, 0.9969311496968154, 0.0], [-0.04095836498799879, -0.999046164574309, 0.015138473729974745, 0.0], [0.9961609118901975, -0.042003907494157416, -0.07680565979999657, 0.0], [-0.21235971682479973, -0.1602079924325293, -0.2714883010216673, 1.0]], "at_element": 3, "to_element": 1}, {"pose": [[-0.8751398783894992, 0.412309702586217, 0.2532407992517744, 0.0], [0.24786106821295595, -0.0674961352324238, 0.9664414946560493, 0.0], [0.4155659804612796, 0.9085400271215087, -0.043126963738521346, 0.0], [-0.2321515497127167, -0.19781855300726375, -0.305613353908041, 1.0]], "at_element": 1, "to_element": 5}, {"pose": [[0.8751398783894992, -0.412309702586217, -0.2532407992517744, 0.0], [0.28960724547070654, 0.865597858762765, -0.40849478610648915, 0.0], [0.3876310573512939, 0.284149707123871, 0.8769270820986979, 0.0], [-0.20064629729445652, -0.21266180444083072, -0.3147300854158219, 1.0]], "at_element": 5, "to_element": 1}, {"pose": [[0.01577090308682915, 0.9491217708034133, -0.31451413768353687, 0.0], [0.08610874658196126, 0.3120953955799655, 0.9461404482527258, 0.0], [0.9961609118901975, -0.042003907494157416, -0.07680565979999657, 0.0], [-0.17715897277908935, -0.1616922594610518, -0.27420233681609685, 1.0]], "at_element": 3, "to_element": 5}, {"pose": [[-0.01577090308682915, -0.9491217708034133, 0.31451413768353687, 0.0], [0.9216796851360801, -0.13574537976819426, -0.36342777807845805, 0.0], [0.3876310573512939, 0.284149707123871, 0.8769270820986979, 0.0], [-0.1777267279902546, -0.19586080570328074, -0.2628797740134567, 1.0]], "at_element": 5, "to_element": 3}, {"pose": [[-0.8669183512092222, 0.4099849223546456, 0.283487099845017, 0.0], [-0.4936498206643652, -0.7849315578759086, -0.374422627532764, 0.0], [0.06901033904222899, -0.4645372029152818, 0.8828605553613339, 0.0], [0.16031476791087296, 0.7432086564766289, -0.3393765020630568, 1.0]], "at_element": 0, "to_element": 1}, {"pose": [[0.8669183512092222, -0.4099849223546456, -0.283487099845017, 0.0], [-0.27524078226151893, 0.08042003829836034, -0.9580058085524104, 0.0], [0.4155659804612796, 0.9085400271215087, -0.043126963738521346, 0.0], [0.19152321952896537, 0.7284494872935043, -0.3495818385027873, 1.0]], "at_element": 1, "to_element": 0}, {"pose": [[-0.8822895454888694, -0.4414650078889932, -0.16332117049119982, 0.0], [0.465620801754304, -0.7676677887714307, -0.4403219674924944, 0.0], [0.06901033904222899, -0.4645372029152818, 0.8828605553613339, 0.0], [0.16313853107310863, 0.7242007359347882, -0.3032516380467423, 1.0]], "at_element": 0, "to_element": 2}, {"pose": [[0.8822895454888694, 0.4414650078889932, 0.16332117049119982, 0.0], [-0.11179705797641894, -0.14050807267071413, 0.9837473757739732, 0.0], [0.4572379858988757, -0.8862088514136686, -0.07461431449263561, 0.0], [0.19489978952174414, 0.7400928932013939, -0.29737229159791817, 1.0]], "at_element": 2, "to_element": 0}, {"pose": [[-0.07489889136750885, 0.045228103213424825, -0.996164933508319, 0.0], [0.8861848454600528, 0.4610729772560763, -0.04569605367162431, 0.0], [0.4572379858988757, -0.8862088514136686, -0.07461431449263561, 0.0], [0.6779971575575375, -0.1962360576978266, -0.3762064656185326, 1.0]], "at_element": 2, "to_element": 3}, {"pose": [[0.07489889136750885, -0.045228103213424825, 0.996164933508319, 0.0], [-0.045316594024816345, -0.9980932273264549, -0.04190842243573346, 0.0], [0.9961609118901975, -0.042003907494157416, -0.07680565979999657, 0.0], [0.6806935430828569, -0.1978642847732307, -0.34034418970896196, 1.0]], "at_element": 3, "to_element": 2}, {"pose": [[-0.878177303938797, -0.4366512272534642, -0.19529549043649067, 0.0], [0.1404921602721062, 0.15482111423869838, -0.9779020275507997, 0.0], [0.4572379858988757, -0.8862088514136686, -0.07461431449263561, 0.0], [0.7140846551410367, -0.26618007103476604, -0.3820953986839996, 1.0]], "at_element": 2, "to_element": 4}, {"pose": [[0.878177303938797, 0.4366512272534642, 0.19529549043649067, 0.0], [-0.3142065297367267, 0.8344276562884223, -0.4527744947452475, 0.0], [-0.36066449716819915, 0.33625316676435024, 0.8699740963519295, 0.0], [0.7456993477161704, -0.2504604728963755, -0.3750646921697603, 1.0]], "at_element": 4, "to_element": 2}, {"pose": [[0.011934849397571789, 0.9343398736613148, -0.35618332338336034, 0.0], [0.08672368184035893, 0.3538992402390552, 0.9312541708718796, 0.0], [0.9961609118901975, -0.042003907494157416, -0.07680565979999657, 0.0], [0.7279289229512645, -0.19985600167635553, -0.34398611590119993, 1.0]], "at_element": 3, "to_element": 4}, {"pose": [[-0.011934849397571789, -0.9343398736613148, 0.35618332338336034, 0.0], [0.9326192577103839, 0.11807966940800883, 0.3409963516230459, 0.0], [-0.36066449716819915, 0.33625316676435024, 0.8699740963519295, 0.0], [0.7274992681662195, -0.23349225331256646, -0.33116351008967976, 1.0]], "at_element": 4, "to_element": 3}, {"pose": [[-0.8658535881421624, -0.4674543061094514, -0.17828077743008056, 0.0], [0.49551502197876873, -0.7521247627936312, -0.43448038412108364, 0.0], [0.06901033904222899, -0.4645372029152818, 0.8828605553613339, 0.0], [0.2454650834852328, 0.17002658009149807, 0.7499654130834602, 1.0]], "at_element": 0,