{"line": [[[0.0, 0.0, 1.5], [0.0, 0.0, -0.49999999999999994]], [[1.5004392527034591, 0.040668767860092825, -0.013512548302865468], [-0.4955470130165586, -0.06138379547098266, -0.08850655722768136]], [[-0.007956542778987663, -0.5024086131966163, 0.013021173818139387], [-0.11962286044570208, 1.4941427921745376, 0.04925816057514404]], [[-0.24988111491086268, 1.1642084486453301, 0.017181583419689672], [1.1825175316300698, -0.22673025671325192, -0.09910958272416676]], [[-0.03156767770723956, -0.20965017096348343, 1.2061062544056844], [-0.06249834228325751, 1.2511971310835421, -0.15953222414228468]], [[-0.23951737315202076, -0.03836732228984141, 1.1783209316816325], [1.1123972166705247, -0.025025119001444274, -0.2955002675947071]], [[1.1950924930969637, 1.217728546765231, 1.056791471365653], [-0.2387539977663839, -0.16799180679884312, 0.9023138278144818]], [[1.2183247440755747, 0.9847958194859125, 1.1987732428874367], [-0.2490836141212464, 1.1370719936439904, -0.15160621381274947]], [[1.0175671755543243, 1.243237473070566, 1.1691165796072562], [0.9756256124261389, -0.21522736145560156, -0.1987727550002341]]], "adj": [[1, 5], [1, 8], [3, 5], [3, 8], [0, 1], [0, 2], [2, 3], [2, 4], [4, 7], [0, 4], [0, 5], [4, 6], [6, 7], [6, 8], [7, 8]], "coupler_contact_pts": [[[0.8723858847410237, 0.00855709594627796, -0.0371100252450452], [0.8741737181755169, -0.027376174585074575, -0.03579536841627334]], [[0.9812398594615317, 0.014122678906337338, -0.03302011937149618], [0.9815127997162554, -0.010507866126779952, -0.006767018819764992]], [[0.9553790857800835, -0.006166200351786999, -0.08066904956128984], [0.933726059981274, -0.026788445554961238, -0.10071774182700483]], [[0.9982587615612113, -0.04780474899271764, -0.08415029237906246], [0.9798399018065906, -0.06868077602861616, -0.061327198218026846]], [[0.0, 0.0, -0.0698185959573549], [0.001838239014373244, -0.035953039355775096, -0.06981859595735473]], [[0.0, 0.0, 0.02210329740367406], [-0.035943618641321784, -0.002010312144478388, 0.02210329740367417]], [[-0.09273736271671168, 1.0134402903231732, 0.040533511589505355], [-0.0951512136839413, 1.013957113926071, 0.0046196330894132664]], [[-0.09385417972870458, 1.0334085548941598, 0.0408959313783836], [-0.05792912224328106, 1.0353940483061284, 0.04220617330496751]], [[-0.05926569698561701, 1.0985201283011752, -0.016805746503717633], [-0.07796813111598916, 1.119314965788928, 0.005862449687009719]], [[0.0, 0.0, 1.0108321265659628], [-0.03599048699642049, -0.0007620301448713618, 1.0108321265659628]], [[0.0, 0.0, 0.9168181592612077], [0.0003552881231756455, -0.03599999092574796, 0.9168181592612077]], [[-0.03741940778830899, 0.06672552992804459, 0.947742980472633], [-0.01616607931630648, 0.047125091013566156, 0.9262946774690528]], [[0.9946467327016837, 1.0240106196821712, 1.0351961409568577], [1.014688956646598, 1.0059275504441965, 1.011377837609138]], [[1.0312405384581074, 1.0593761778323423, 1.039138630559366], [1.0128972215505667, 1.0808457264272906, 1.0168098986348721]], [[0.9897581673422049, 1.008514672967254, 0.9884353311637322], [1.0113739453506245, 1.0278757223266732, 0.967129507343923]]], "radius": 0.01, "half_couplers": [{"pose": [[-0.0496596526766538, 0.9980984244368728, -0.03651648987329107, 0.0], [0.03928900177274306, -0.03458111791167843, -0.9986293209312852, 0.0], [-0.9979931328600089, -0.05102628166553774, -0.037497004462407946, 0.0], [0.8723858847410237, 0.00855709594627796, -0.0371100252450452, 1.0]], "at_element": 1, "to_element": 5}, {"pose": [[0.0496596526766538, -0.9980984244368728, 0.03651648987329107, 0.0], [-0.7352657032340546, -0.06127831214618093, -0.6750031956281737, 0.0], [0.6759572949112729, 0.00667110164419857, -0.73691059963817, 0.0], [0.8741737181755169, -0.027376174585074575, -0.03579536841627334, 1.0]], "at_element": 5, "to_element": 1}, {"pose": [[-0.007581780409861263, 0.6841914323167393, -0.7292630530543731, 0.0], [0.0628667111441445, -0.7275152249429272, -0.6832052210764793, 0.0], [-0.9979931328600089, -0.05102628166553774, -0.037497004462407946, 0.0], [0.9812398594615317, 0.014122678906337338, -0.03302011937149618, 1.0]], "at_element": 1, "to_element": 8}, {"pose": [[0.007581780409861263, -0.6841914323167393, 0.7292630530543731, 0.0], [-0.9997513405474423, 0.010107697908374, 0.019876909130579087, 0.0], [-0.020970781564092714, -0.7292324172630839, -0.6839446673037453, 0.0], [0.9815127997162554, -0.010507866126779952, -0.006767018819764992, 1.0]], "at_element": 8, "to_element": 1}, {"pose": [[0.6014542399923869, 0.5728223358184785, 0.5568908050799928, 0.0], [-0.3539933990092425, -0.4338167252092767, 0.8285479602211223, 0.0], [0.7161993232704662, -0.695469352679291, -0.058145583071928214, 0.0], [0.9553790857800835, -0.006166200351786999, -0.08066904956128984, 1.0]], "at_element": 3, "to_element": 5}, {"pose": [[-0.6014542399923869, -0.5728223358184785, -0.5568908050799928, 0.0], [-0.42583392613954035, 0.8196524068105424, -0.3831910742152921, 0.0], [0.6759572949112729, 0.00667110164419857, -0.73691059963817, 0.0], [0.933726059981274, -0.026788445554961238, -0.10071774182700483, 1.0]], "at_element": 5, "to_element": 3}, {"pose": [[0.5116435746264991, 0.5798993661356832, -0.633985471204862, 0.0], [0.47463605203392156, 0.4243101514685664, 0.7711559592393584, 0.0], [0.7161993232704662, -0.695469352679291, -0.058145583071928214, 0.0], [0.9982587615612113, -0.04780474899271764, -0.08415029237906246, 1.0]], "at_element": 3, "to_element": 8}, {"pose": [[-0.5116435746264991, -0.5798993661356832, 0.633985471204862, 0.0], [-0.8589418367177194, 0.36323106525746546, -0.36094613776561973, 0.0], [-0.020970781564092714, -0.7292324172630839, -0.6839446673037453, 0.0], [0.9798399018065906, -0.06868077602861616, -0.061327198218026846, 1.0]], "at_element": 8, "to_element": 3}, {"pose": [[-0.05106219166035434, 0.9986954753992037, -4.6259289808793085e-15, 0.0], [0.9986954753992037, 0.05106219166035434, 0.0, 0.0], [0.0, 0.0, -1.0, 0.0], [0.0, 0.0, -0.0698185959573549, 1.0]], "at_element": 0, "to_element": 1}, {"pose": [[0.05106219166035434, -0.9986954753992037, 4.6259289808793085e-15, 0.0], [-0.0374480886976308, -0.0019146792285440197, 0.9992967400408881, 0.0], [-0.9979931328600089, -0.05102628166553774, -0.037497004462407946, 0.0], [0.001838239014373244, -0.035953039355775096, -0.06981859595735473, 1.0]], "at_element": 1, "to_element": 0}, {"pose": [[0.9984395999149562, 0.05584232553952358, -3.083970602917432e-15, 0.0], [0.05584232553952358, -0.9984395999149562, 0.0, 0.0], [0.0, 0.0, -1.0, 0.0], [0.0, 0.0, 0.02210329740367406, 1.0]], "at_element": 0, "to_element": 2}, {"pose": [[-0.9984395999149562, -0.05584232553952358, 3.083970602917432e-15, 0.0], [0.001011778805531108, -0.018090221279893473, 0.9998358466256816, 0.0], [-0.05583315883335721, 0.998275702685577, 0.018118493378502326, 0.0], [-0.035943618641321784, -0.002010312144478388, 0.02210329740367417, 1.0]], "at_element": 2, "to_element": 0}, {"pose": [[0.06705399107106921, -0.014356762585804275, 0.9976460522898368, 0.0], [0.9961859367889764, 0.05691664779019358, -0.06613678664855802, 0.0], [-0.05583315883335721, 0.998275702685577, 0.018118493378502326, 0.0], [-0.09273736271671168, 1.0134402903231732, 0.040533511589505355, 1.0]], "at_element": 2, "to_element": 3}, {"pose": [[-0.06705399107106921, 0.014356762585804275, -0.9976460522898368, 0.0], [0.6946670365206398, 0.7184123209215605, -0.03635169211645169, 0.0], [0.7161993232704662, -0.695469352679291, -0.058145583071928214, 0.0], [-0.0951512136839413, 1.013957113926071, 0.0046196330894132664, 1.0]], "at_element": 3, "to_element": 2}, {"pose": [[-0.9978148405135819, -0.05514687883263607, -0.03639183707747713, 0.0], [-0.03532990837156333, -0.020110772800601126, 0.9991733355088194, 0.0], [-0.05583315883335721, 0.998275702685577, 0.018118493378502326, 0.0], [-0.09385417972870458, 1.0334085548941598, 0.0408959313783836, 1.0]], "at_element": 2,